Reactor;Time;Sampling events;Sample volume (ml);DW;Total Protein;Target Protein;Glucose;Glycerol;D-Gluconate;Acetate;Lactate;Succinate;2-Keto-D-Gluconate;Offline_OD
Bioreactor 13;0.333333333;Sample 1.50 mL to AMBR-96DWP-1/A1;1.5;0;;;10.13757904;;;;0;0;0;
Bioreactor 14;0.333333333;Sample 1.50 mL to AMBR-96DWP-1/A2;1.5;0;;;10.19338875;;;;0;0;0;
Bioreactor 15;0.333333333;Sample 1.50 mL to AMBR-96DWP-1/A3;1.5;0;;;10.11023542;;;;0;0;0;
Bioreactor 16;0.333333333;Sample 1.50 mL to AMBR-96DWP-1/A4;1.5;0;;;10.31303216;;;;0;0;0;
Bioreactor 17;0.333333333;Sample 1.50 mL to AMBR-96DWP-1/A5;1.5;0;;;10.11772947;;;;0;0;0;
Bioreactor 18;0.333333333;Sample 1.50 mL to AMBR-96DWP-1/A6;1.5;0;;;10.19375353;;;;0;0;0;
Bioreactor 19;0.333333333;Sample 1.50 mL to AMBR-96DWP-1/A7;1.5;0;;;9.9625653;;;;0;0;0;
Bioreactor 21;0.333333333;Sample 1.50 mL to AMBR-96DWP-1/A9;1.5;0;;;10.34880376;;;;0;0;0;
Bioreactor 22;0.333333333;Sample 1.50 mL to AMBR-96DWP-1/A10;1.5;0;;;10.15674251;;;;0;0;0;
Bioreactor 23;0.333333333;Sample 1.50 mL to AMBR-96DWP-1/A11;1.5;0;;;10.16767909;;;;0;0;0;
Bioreactor 24;0.333333333;Sample 1.50 mL to AMBR-96DWP-1/A12;1.5;0;;;10.35650101;;;;0;0;0;
Bioreactor 13;4.333333333;Sample 1.50 mL to AMBR-96DWP-1/B1;1.5;;;;;;;;;;;
Bioreactor 14;4.333333333;Sample 1.50 mL to AMBR-96DWP-1/B2;1.5;;;;;;;;;;;
Bioreactor 15;4.333333333;Sample 1.50 mL to AMBR-96DWP-1/B3;1.5;;;;;;;;;;;
Bioreactor 16;4.333333333;Sample 1.50 mL to AMBR-96DWP-1/B4;1.5;;;;;;;;;;;
Bioreactor 17;4.333333333;Sample 1.50 mL to AMBR-96DWP-1/B5;1.5;;;;;;;;;;;
Bioreactor 18;4.333333333;Sample 1.50 mL to AMBR-96DWP-1/B6;1.5;;;;;;;;;;;
Bioreactor 19;4.333333333;Sample 1.50 mL to AMBR-96DWP-1/B7;1.5;;;;;;;;;;;
Bioreactor 21;4.333333333;Sample 1.50 mL to AMBR-96DWP-1/B9;1.5;;;;;;;;;;;
Bioreactor 22;4.333333333;Sample 1.50 mL to AMBR-96DWP-1/B10;1.5;;;;;;;;;;;
Bioreactor 23;4.333333333;Sample 1.50 mL to AMBR-96DWP-1/B11;1.5;;;;;;;;;;;
Bioreactor 24;4.333333333;Sample 1.50 mL to AMBR-96DWP-1/B12;1.5;;;;;;;;;;;
Bioreactor 13;6.333333333;Sample 1.50 mL to AMBR-96DWP-1/C1;1.5;;;;;;;;;;0;
Bioreactor 14;6.333333333;Sample 1.50 mL to AMBR-96DWP-1/C2;1.5;;;;;;;;;;0.011180077;
Bioreactor 15;6.333333333;Sample 1.50 mL to AMBR-96DWP-1/C3;1.5;;;;;;;;;;0.198258688;
Bioreactor 16;6.333333333;Sample 1.50 mL to AMBR-96DWP-1/C4;1.5;;;;;;;;;;0.290689503;
Bioreactor 17;6.333333333;Sample 1.50 mL to AMBR-96DWP-1/C5;1.5;;;;;;;;;;0.249591631;
Bioreactor 18;6.333333333;Sample 1.50 mL to AMBR-96DWP-1/C6;1.5;;;;;;;;;;0.066953904;
Bioreactor 19;6.333333333;Sample 1.50 mL to AMBR-96DWP-1/C7;1.5;;;;;;;;;;0.09989607;
Bioreactor 21;6.333333333;Sample 1.50 mL to AMBR-96DWP-1/C9;1.5;;;;;;;;;;0.173939371;
Bioreactor 22;6.333333333;Sample 1.50 mL to AMBR-96DWP-1/C10;1.5;;;;;;;;;;0.17005599;
Bioreactor 23;6.333333333;Sample 1.50 mL to AMBR-96DWP-1/C11;1.5;;;;;;;;;;0.145098515;
Bioreactor 24;6.333333333;Sample 1.50 mL to AMBR-96DWP-1/C12;1.5;;;;;;;;;;0.164527413;
Bioreactor 13;8.333333333;Sample 1.50 mL to AMBR-96DWP-1/D1;1.5;0;;;9.569219615;0;0.018842744;0;0;0;0;
Bioreactor 14;8.333333333;Sample 1.50 mL to AMBR-96DWP-1/D2;1.5;2.20E-14;;;9.978802503;0;0.019928784;0;0;0;0.012702546;
Bioreactor 15;8.333333333;Sample 1.50 mL to AMBR-96DWP-1/D3;1.5;0.1;;;9.031431763;0;0.163786983;0;0;0;0.333394179;
Bioreactor 16;8.333333333;Sample 1.50 mL to AMBR-96DWP-1/D4;1.5;0.2;;;9.229246832;0;0.191366676;0;0;0;0.464936633;
Bioreactor 17;8.333333333;Sample 1.50 mL to AMBR-96DWP-1/D5;1.5;0;;;9.312596824;0;0.076231681;0;0;0;0.347834602;
Bioreactor 18;8.333333333;Sample 1.50 mL to AMBR-96DWP-1/D6;1.5;0;;;9.838694244;0;0.060736289;0;0;0;0.068444501;
Bioreactor 19;8.333333333;Sample 1.50 mL to AMBR-96DWP-1/D7;1.5;0;;;9.571603697;0;0.043582632;0;0;0;0.019049791;
Bioreactor 21;8.333333333;Sample 1.50 mL to AMBR-96DWP-1/D9;1.5;0.3;;;8.838213499;0;0.025150165;0;0;0;0.251428317;
Bioreactor 22;8.333333333;Sample 1.50 mL to AMBR-96DWP-1/D10;1.5;0.2;;;9.059409697;0;0.112953599;0;0;0;0.284884252;
Bioreactor 23;8.333333333;Sample 1.50 mL to AMBR-96DWP-1/D11;1.5;0.3;;;8.776274535;0;0.03959045;0;0;0;0.242927092;
Bioreactor 24;8.333333333;Sample 1.50 mL to AMBR-96DWP-1/D12;1.5;0.4;;;7.532651042;0;0.036963214;0;0;0;0.025328309;
Bioreactor 13;10.33333333;Sample 1.50 mL to AMBR-96DWP-1/E1;1.5;;;;;;;;;;;
Bioreactor 14;10.33333333;Sample 1.50 mL to AMBR-96DWP-1/E2;1.5;;;;;;;;;;;
Bioreactor 15;10.33333333;Sample 1.50 mL to AMBR-96DWP-1/E3;1.5;;;;;;;;;;;
Bioreactor 16;10.33333333;Sample 1.50 mL to AMBR-96DWP-1/E4;1.5;;;;;;;;;;;
Bioreactor 17;10.33333333;Sample 1.50 mL to AMBR-96DWP-1/E5;1.5;;;;;;;;;;;
Bioreactor 18;10.33333333;Sample 1.50 mL to AMBR-96DWP-1/E6;1.5;;;;;;;;;;;
Bioreactor 19;10.33333333;Sample 1.50 mL to AMBR-96DWP-1/E7;1.5;;;;;;;;;;;
Bioreactor 21;10.33333333;Sample 1.50 mL to AMBR-96DWP-1/E9;1.5;;;;;;;;;;;
Bioreactor 22;10.33333333;Sample 1.50 mL to AMBR-96DWP-1/E10;1.5;;;;;;;;;;;
Bioreactor 23;10.33333333;Sample 1.50 mL to AMBR-96DWP-1/E11;1.5;;;;;;;;;;;
Bioreactor 24;10.33333333;Sample 1.50 mL to AMBR-96DWP-1/E12;1.5;;;;;;;;;;;
Bioreactor 13;11.91666667;Sample 7.00 mL to CDW Samples 1/A1;7;;;;10.45998376;;0.013348212;;;;;
Bioreactor 14;11.91666667;Sample 7.00 mL to CDW Samples 1/A2;7;;;;7.94838578;;0.018547244;;;;;
Bioreactor 15;11.91666667;Sample 7.00 mL to CDW Samples 1/A3;7;;;;5.649082158;;0.01324051;;;;;
Bioreactor 16;11.91666667;Sample 7.00 mL to CDW Samples 1/A4;7;;;;6.423626619;;0.094111336;;;;;
Bioreactor 17;11.91666667;Sample 7.00 mL to CDW Samples 1/A5;7;;;;6.760734293;;0.215584317;;;;;
Bioreactor 18;11.91666667;Sample 7.00 mL to CDW Samples 1/A6;7;;;;9.499101075;;0.085324656;;;;;
Bioreactor 19;11.91666667;Sample 7.00 mL to CDW Samples 1/B1;7;;;;9.838666341;;0.035070213;;;;;
Bioreactor 21;11.91666667;Sample 7.00 mL to CDW Samples 1/B3;7;;;;5.230099608;;0;;;;;
Bioreactor 22;11.91666667;Sample 7.00 mL to CDW Samples 1/B4;7;;;;5.626763653;;0;;;;;
Bioreactor 23;11.91666667;Sample 7.00 mL to CDW Samples 1/B5;7;;;;5.305055522;;0;;;;;
Bioreactor 24;11.91666667;Sample 7.00 mL to CDW Samples 1/B6;7;;;;4.860754956;;0;;;;;
Bioreactor 13;12.33333333;Sample 1.50 mL to AMBR-96DWP-1/F1;1.5;2.20E-14;;;9.363517477;0;0.016114559;0;0;0;0;
Bioreactor 14;12.33333333;Sample 1.50 mL to AMBR-96DWP-1/F2;1.5;0.5;;;7.514716682;0;0.017486593;0;0.079964923;0;0;
Bioreactor 15;12.33333333;Sample 1.50 mL to AMBR-96DWP-1/F3;1.5;1.1;;;4.990857595;0;0.040488696;0.035;0.168398458;0.115868783;0.127560407;
Bioreactor 16;12.33333333;Sample 1.50 mL to AMBR-96DWP-1/F4;1.5;0.7;;;5.75662577;0.001687632;0;0.028;0.421657966;0.051248854;0.354565625;
Bioreactor 17;12.33333333;Sample 1.50 mL to AMBR-96DWP-1/F5;1.5;1;;;5.758588693;0;0.024877802;0.021;0.323100026;0.039504866;0.424353904;
Bioreactor 18;12.33333333;Sample 1.50 mL to AMBR-96DWP-1/F6;1.5;0.1;;;9.839577092;0;0.064429224;0;0;0;0.070214327;
Bioreactor 19;12.33333333;Sample 1.50 mL to AMBR-96DWP-1/F7;1.5;2.20E-14;;;9.853892832;0;0.044807059;0;0;0;0;
Bioreactor 21;12.33333333;Sample 1.50 mL to AMBR-96DWP-1/F9;1.5;1.2;;;4.598489647;0;0.024959485;0.046;0.201275755;0.114253073;0.166360788;
Bioreactor 22;12.33333333;Sample 1.50 mL to AMBR-96DWP-1/F10;1.5;0.9;;;4.838490272;0;0.03320495;0.045;0.154715066;0.097741615;0.113252129;
Bioreactor 23;12.33333333;Sample 1.50 mL to AMBR-96DWP-1/F11;1.5;1.2;;;4.675719962;0.002078229;0.00527082;0.063;0.14147315;0.068813861;0.073498221;
Bioreactor 24;12.33333333;Sample 1.50 mL to AMBR-96DWP-1/F12;1.5;1.1;;;4.267173179;0;0.006608449;0.073;0.1626639;0.053173382;0.050999904;
Bioreactor 13;14.33333333;Sample 1.50 mL to AMBR-96DWP-1/G1;1.5;2.20E-14;;;9.588750169;0;0;0;0;0;0;
Bioreactor 14;14.33333333;Sample 1.50 mL to AMBR-96DWP-1/G2;1.5;0.8;;;5.687527764;0;0.006472094;0.015;0.167228707;0.042685656;0.44351651;
Bioreactor 15;14.33333333;Sample 1.50 mL to AMBR-96DWP-1/G3;1.5;1.6;;;3.448552396;0;0.042178313;0.039;0.193642976;0.071194488;0.087597535;
Bioreactor 16;14.33333333;Sample 1.50 mL to AMBR-96DWP-1/G4;1.5;1.3;;;3.780411582;0;0.008124082;0.059;0.365175268;0.069126867;0.347696875;
Bioreactor 17;14.33333333;Sample 1.50 mL to AMBR-96DWP-1/G5;1.5;1.4;;;3.972644241;0;0.03582886;0.048;0.256125102;0.050166728;0;
Bioreactor 18;14.33333333;Sample 1.50 mL to AMBR-96DWP-1/G6;1.5;2.20E-14;;;9.407114603;0;0.142006456;0;0;0;0.092940575;
Bioreactor 19;14.33333333;Sample 1.50 mL to AMBR-96DWP-1/G7;1.5;0.2;;;9.613005511;0;0.068493872;0;0;0;0;
Bioreactor 21;14.33333333;Sample 1.50 mL to AMBR-96DWP-1/G9;1.5;1.3;;;3.110450801;0;0;0.067;0.194067735;0.06236939;0;
Bioreactor 22;14.33333333;Sample 1.50 mL to AMBR-96DWP-1/G10;1.5;1.2;;;3.366035922;0;0.004859013;0.066;0.192187892;0.097309435;0;
Bioreactor 23;14.33333333;Sample 1.50 mL to AMBR-96DWP-1/G11;1.5;1.1;;;3.102648232;0;0;0.1;0.171318796;0.059208129;0;
Bioreactor 24;14.33333333;Sample 1.50 mL to AMBR-96DWP-1/G12;1.5;1.4;;;2.728780615;0;0.01347318;0.142;0.168128252;0.056165372;0;
Bioreactor 16;14.83333333;Sample 7.00 mL to CDW Samples 2/A4;7;;;;3.628851714;;0.025168229;;;;;5.835
Bioreactor 17;14.83333333;Sample 7.00 mL to CDW Samples 2/A5;7;;;;3.544234642;;0.050111237;;;;;5.6
Bioreactor 18;14.83333333;Sample 7.00 mL to CDW Samples 2/A6;7;;;;9.416252301;;0.171569758;;;;;0.35
Bioreactor 19;14.83333333;Sample 7.00 mL to CDW Samples 2/B1;7;;;;9.81684932;;0.059412386;;;;;0.25
Bioreactor 21;14.83333333;Sample 7.00 mL to CDW Samples 2/B3;7;;;;2.873831167;;0.017503105;;;;;6.35
Bioreactor 22;14.83333333;Sample 7.00 mL to CDW Samples 2/B4;7;;;;3.1483129;;0.01524791;;;;;6
Bioreactor 23;14.83333333;Sample 7.00 mL to CDW Samples 2/B5;7;;;;2.892368643;;0.015309063;;;;;6.25
Bioreactor 24;14.83333333;Sample 7.00 mL to CDW Samples 2/B6;7;;;;2.510434624;;0.018460549;;;;;6.7
Bioreactor 13;14.91666667;Sample 7.00 mL to CDW Samples 2/A1;7;;;;10.41168803;;0.017068001;;;;;0.25
Bioreactor 14;14.91666667;Sample 7.00 mL to CDW Samples 2/A2;7;;;;5.439146293;;0;;;;;2.95
Bioreactor 15;14.91666667;Sample 7.00 mL to CDW Samples 2/A3;7;;;;3.273938656;;0.015193156;;;;;6.5
Bioreactor 13;16.33333333;Sample 1.50 mL to AMBR-96DWP-1/H1;1.5;0.1;;;9.48540074;0;0.024761395;0;0.044777431;0;0.042868462;
Bioreactor 14;16.33333333;Sample 1.50 mL to AMBR-96DWP-1/H2;1.5;1;;;4.510924452;0;0.012191319;0;0.159063067;0.038535462;0.554425537;
Bioreactor 15;16.33333333;Sample 1.50 mL to AMBR-96DWP-1/H3;1.5;1.5;;;2.181872277;0;0.027909255;0.057;0.120208578;0.038315857;0;
Bioreactor 16;16.33333333;Sample 1.50 mL to AMBR-96DWP-1/H4;1.5;1.3;;;2.142996868;0;0.022881362;0.126;0.107508356;0.044066925;0;
Bioreactor 17;16.33333333;Sample 1.50 mL to AMBR-96DWP-1/H5;1.5;1.5;;;1.850868506;0;0;0.097;0.300632187;0.051073788;0;
Bioreactor 18;16.33333333;Sample 1.50 mL to AMBR-96DWP-1/H6;1.5;0.1;;;8.696709813;0;0.210109125;0;0;0;0.209525735;
Bioreactor 19;16.33333333;Sample 1.50 mL to AMBR-96DWP-1/H7;1.5;0;;;9.366220081;0;0;0;0;0;0;
Bioreactor 21;16.33333333;Sample 1.50 mL to AMBR-96DWP-1/H9;1.5;1.5;;;1.692645622;0;0.05213123;0.101;0.127243284;0.053376744;0;
Bioreactor 22;16.33333333;Sample 1.50 mL to AMBR-96DWP-1/H10;1.5;1.5;;;2.047450994;0;0.058006836;0.116;0.140626032;0.048364619;0;
Bioreactor 23;16.33333333;Sample 1.50 mL to AMBR-96DWP-1/H11;1.5;1.6;;;1.787734846;0;0.06734335;0.166;0.136999627;0.04580248;0;
Bioreactor 24;16.33333333;Sample 1.50 mL to AMBR-96DWP-1/H12;1.5;1.4;;;1.418753946;0;0.079639522;0.24;0.128418902;0.056820566;0;
Bioreactor 13;18.33333333;Sample 1.50 mL to AMBR-96DWP-2/A1;1.5;0;;;9.953729707;0;0.023387597;0;0.060380468;0;0;
Bioreactor 14;18.33333333;Sample 1.50 mL to AMBR-96DWP-2/A2;1.5;1;;;3.73877978;0;0.014179758;0;0.19133676;0.035304626;0;
Bioreactor 15;18.33333333;Sample 1.50 mL to AMBR-96DWP-2/A3;1.5;1.6;;;1.010920834;0;0.042783683;0.117696633;0.128058073;0.051644707;0;
Bioreactor 16;18.33333333;Sample 1.50 mL to AMBR-96DWP-2/A4;1.5;1.5;;;0.363081502;0;0.023682034;0.259091993;0.109067044;0.034885927;0;
Bioreactor 17;18.33333333;Sample 1.50 mL to AMBR-96DWP-2/A5;1.5;1.9;;;0;0;0;0.202417714;0.726997052;0.093472506;0;
Bioreactor 18;18.33333333;Sample 1.50 mL to AMBR-96DWP-2/A6;1.5;0.9;;;6.210030308;0;0.167928974;0;0.041470837;0.017722036;0.366332742;
Bioreactor 19;18.33333333;Sample 1.50 mL to AMBR-96DWP-2/A7;1.5;2.20E-14;;;8.978490544;0;0.046892357;0;0;0;0;
Bioreactor 21;18.33333333;Sample 1.50 mL to AMBR-96DWP-2/A9;1.5;1.5;;;0.472872968;0;0.067001151;0.193639755;0.176252425;0.066225856;0;
Bioreactor 22;18.33333333;Sample 1.50 mL to AMBR-96DWP-2/A10;1.5;1.6;;;0.849738705;0;0.079976333;0.201321895;0.153283294;0.05580803;0;
Bioreactor 23;18.33333333;Sample 1.50 mL to AMBR-96DWP-2/A11;1.5;1.6;;;0.601259312;0;0.091697037;0.279008876;0.1328045;0.055398652;0;
Bioreactor 24;18.33333333;Sample 1.50 mL to AMBR-96DWP-2/A12;1.5;1.6;;;0.196544744;0;0.042975862;0.40747797;0.124289027;0.051696491;0;
Bioreactor 23;19.66666667;Sample 6.00 mL to CDW Samples 3/B5;6;;;;0;;0.011367516;;;;;
Bioreactor 24;19.66666667;Sample 6.00 mL to CDW Samples 3/B6;6;;;;0;;0.010300778;;;;;
Bioreactor 13;19.75;Sample 6.00 mL to CDW Samples 3/A1;6;;;;10.01492814;;0.02142558;;;;;
Bioreactor 14;19.75;Sample 6.00 mL to CDW Samples 3/A2;6;;;;3.140961686;;0.023504035;;;;;
Bioreactor 15;19.75;Sample 6.00 mL to CDW Samples 3/A3;6;;;;0.226429092;;0.014703512;;;;;
Bioreactor 16;19.75;Sample 6.00 mL to CDW Samples 3/A4;6;;;;0;;0.01869779;;;;;
Bioreactor 17;19.75;Sample 6.00 mL to CDW Samples 3/A5;6;;;;0;;0.007983814;;;;;
Bioreactor 18;19.75;Sample 6.00 mL to CDW Samples 3/A6;6;;;;5.147879403;;0.169262188;;;;;
Bioreactor 19;19.75;Sample 6.00 mL to CDW Samples 3/B1;6;;;;8.273215202;;0.076346139;;;;;
Bioreactor 21;19.75;Sample 6.00 mL to CDW Samples 3/B3;6;;;;0;;0.013290725;;;;;
Bioreactor 22;19.75;Sample 6.00 mL to CDW Samples 3/B4;6;;;;0.058142038;;0.016929772;;;;;
Bioreactor 13;20.33333333;Sample 1.50 mL to AMBR-96DWP-2/B1;1.5;;;;;;;;;;;
Bioreactor 14;20.33333333;Sample 1.50 mL to AMBR-96DWP-2/B2;1.5;;;;;;;;;;;
Bioreactor 15;20.33333333;Sample 1.50 mL to AMBR-96DWP-2/B3;1.5;;;;;;;;;;;
Bioreactor 16;20.33333333;Sample 1.50 mL to AMBR-96DWP-2/B4;1.5;;;;;;;;;;;
Bioreactor 17;20.33333333;Sample 1.50 mL to AMBR-96DWP-2/B5;1.5;;;;;;;;;;;
Bioreactor 18;20.33333333;Sample 1.50 mL to AMBR-96DWP-2/B6;1.5;;;;;;;;;;;
Bioreactor 19;20.33333333;Sample 1.50 mL to AMBR-96DWP-2/B7;1.5;;;;;;;;;;;
Bioreactor 21;20.33333333;Sample 1.50 mL to AMBR-96DWP-2/B9;1.5;;;;;;;0.068;0.236604007;0.043064727;;
Bioreactor 22;20.33333333;Sample 1.50 mL to AMBR-96DWP-2/B10;1.5;;;;;;;0.213;0.203230742;0.03982529;;
Bioreactor 23;20.33333333;Sample 1.50 mL to AMBR-96DWP-2/B11;1.5;;;;;;;0.235;0.227105677;0.028427326;;
Bioreactor 24;20.33333333;Sample 1.50 mL to AMBR-96DWP-2/B12;1.5;;;;;;;0.095;0.122989796;0.009317756;;
Bioreactor 13;22.33333333;Sample 1.50 mL to AMBR-96DWP-2/C1;1.5;0;;;9.180831005;0;0.020333406;0;0.062055032;0;0;
Bioreactor 14;22.33333333;Sample 1.50 mL to AMBR-96DWP-2/C2;1.5;1.2;;;2.194459474;0;0.242185487;0.013627937;0.265411621;0.044453861;0;
Bioreactor 15;22.33333333;Sample 1.50 mL to AMBR-96DWP-2/C3;1.5;1.8;;;0;0;0.041126384;0;0.196617638;0.034141663;0;
Bioreactor 16;22.33333333;Sample 1.50 mL to AMBR-96DWP-2/C4;1.5;1.6;;;0;0;0.057308621;0;0.168440785;0.019517549;0;
Bioreactor 17;22.33333333;Sample 1.50 mL to AMBR-96DWP-2/C5;1.5;2;;;0;0;0.047599811;0;0.211938288;0.052524668;0;
Bioreactor 18;22.33333333;Sample 1.50 mL to AMBR-96DWP-2/C6;1.5;1.5;;;2.644517375;0;0;0.018466796;0.087020813;0.035260405;0;
Bioreactor 19;22.33333333;Sample 1.50 mL to AMBR-96DWP-2/C7;1.5;0.3;;;6.494769424;0;0.157980007;0;0;0;0.071813151;
Bioreactor 21;22.33333333;Sample 1.50 mL to AMBR-96DWP-2/C9;1.5;1.8;;;0;0;0.044364523;0;0.234724864;0.030003948;0;
Bioreactor 22;22.33333333;Sample 1.50 mL to AMBR-96DWP-2/C10;1.5;2;;;0;0;0.041100308;0;0.215764446;0.030755442;0;
Bioreactor 23;22.33333333;Sample 1.50 mL to AMBR-96DWP-2/C11;1.5;2.2;;;0;0;0.04001583;0;0.20723744;0.037300538;0;
Bioreactor 24;22.33333333;Sample 1.50 mL to AMBR-96DWP-2/C12;1.5;1.8;;;0;0;0;0;0.220250929;0.049977387;0;
Bioreactor 13;24.33333333;Sample 1.50 mL to AMBR-96DWP-2/D1;1.5;;;;;;;;;;;
Bioreactor 14;24.33333333;Sample 1.50 mL to AMBR-96DWP-2/D2;1.5;;;;;;;;;;;
Bioreactor 15;24.33333333;Sample 1.50 mL to AMBR-96DWP-2/D3;1.5;;;;;;;;;;;
Bioreactor 16;24.33333333;Sample 1.50 mL to AMBR-96DWP-2/D4;1.5;;;;;;;;;;;
Bioreactor 17;24.33333333;Sample 1.50 mL to AMBR-96DWP-2/D5;1.5;;;;;;;;;;;
Bioreactor 18;24.33333333;Sample 1.50 mL to AMBR-96DWP-2/D6;1.5;;;;;;;;;;;
Bioreactor 19;24.33333333;Sample 1.50 mL to AMBR-96DWP-2/D7;1.5;;;;;;;;;;;
Bioreactor 21;24.33333333;Sample 1.50 mL to AMBR-96DWP-2/D9;1.5;;;;;;;;;;;
Bioreactor 22;24.33333333;Sample 1.50 mL to AMBR-96DWP-2/D10;1.5;;;;;;;;;;;
Bioreactor 23;24.33333333;Sample 1.50 mL to AMBR-96DWP-2/D11;1.5;;;;;;;;;;;
Bioreactor 24;24.33333333;Sample 1.50 mL to AMBR-96DWP-2/D12;1.5;;;;;;;;;;;
Bioreactor 13;26.33333333;Sample 1.50 mL to AMBR-96DWP-2/E1;1.5;0;;;9.539643527;0;0.020057421;0;0.050800293;0;0;
Bioreactor 14;26.33333333;Sample 1.50 mL to AMBR-96DWP-2/E2;1.5;1.3;;;0.998752254;0;0.325478045;0.049887955;0.108522934;0.021027861;0;
Bioreactor 15;26.33333333;Sample 1.50 mL to AMBR-96DWP-2/E3;1.5;1.7;;;0;0;0.042650083;0;0.233618882;0.040375758;0;
Bioreactor 16;26.33333333;Sample 1.50 mL to AMBR-96DWP-2/E4;1.5;1.5;;;0;0;0.057606118;0;0.19280145;0.034222341;0;
Bioreactor 17;26.33333333;Sample 1.50 mL to AMBR-96DWP-2/E5;1.5;1.8;;;0;0;0.043388295;0;0.196307237;0.041342934;0;
Bioreactor 18;26.33333333;Sample 1.50 mL to AMBR-96DWP-2/E6;1.5;2;;;0;0;0;0.033680287;0.19735908;0.057165343;0;
Bioreactor 19;26.41666667;Sample 1.50 mL to AMBR-96DWP-2/E7;1.5;1;;;2.903445959;0;0;0;0.085656901;0;0.086505955;
Bioreactor 21;26.41666667;Sample 1.50 mL to AMBR-96DWP-2/E9;1.5;1.9;;;0;0;0.052485653;0;0.235107307;0.032186504;0;
Bioreactor 22;26.41666667;Sample 1.50 mL to AMBR-96DWP-2/E10;1.5;1.9;;;0;0;0.051214396;0;0.217987837;0.041831331;0;
Bioreactor 23;26.41666667;Sample 1.50 mL to AMBR-96DWP-2/E11;1.5;1.9;;;0;0;0.047804266;0;0.225151227;0.04012382;0;
Bioreactor 24;26.41666667;Sample 1.50 mL to AMBR-96DWP-2/E12;1.5;1.8;;;0;0;0.043888091;0;0.241546952;0.047382433;0;
Bioreactor 13;28.33333333;Sample 1.50 mL to AMBR-96DWP-2/F1;1.5;;;;;;;;;;;
Bioreactor 14;28.33333333;Sample 1.50 mL to AMBR-96DWP-2/F2;1.5;;;;;;;;;;;
Bioreactor 15;28.33333333;Sample 1.50 mL to AMBR-96DWP-2/F3;1.5;;;;;;;;;;;
Bioreactor 16;28.33333333;Sample 1.50 mL to AMBR-96DWP-2/F4;1.5;;;;;;;;;;;
Bioreactor 17;28.33333333;Sample 1.50 mL to AMBR-96DWP-2/F5;1.5;;;;;;;;;;;
Bioreactor 18;28.33333333;Sample 1.50 mL to AMBR-96DWP-2/F6;1.5;;;;;;;;;;;
Bioreactor 19;28.33333333;Sample 1.50 mL to AMBR-96DWP-2/F7;1.5;;;;;;;;;;;
Bioreactor 21;28.33333333;Sample 1.50 mL to AMBR-96DWP-2/F9;1.5;;;;;;;;;;;
Bioreactor 22;28.33333333;Sample 1.50 mL to AMBR-96DWP-2/F10;1.5;;;;;;;;;;;
Bioreactor 23;28.33333333;Sample 1.50 mL to AMBR-96DWP-2/F11;1.5;;;;;;;;;;;
Bioreactor 24;28.33333333;Sample 1.50 mL to AMBR-96DWP-2/F12;1.5;;;;;;;;;;;
Bioreactor 13;30.33333333;Sample 1.50 mL to AMBR-96DWP-2/G1;1.5;;;;;;;;;;;
Bioreactor 14;30.33333333;Sample 1.50 mL to AMBR-96DWP-2/G2;1.5;;;;;;;;;;;
Bioreactor 15;30.33333333;Sample 1.50 mL to AMBR-96DWP-2/G3;1.5;;;;;;;;;;;
Bioreactor 16;30.33333333;Sample 1.50 mL to AMBR-96DWP-2/G4;1.5;;;;;;;;;;;
Bioreactor 17;30.33333333;Sample 1.50 mL to AMBR-96DWP-2/G5;1.5;;;;;;;;;;;
Bioreactor 18;30.33333333;Sample 1.50 mL to AMBR-96DWP-2/G6;1.5;;;;;;;;;;;
Bioreactor 19;30.41666667;Sample 1.50 mL to AMBR-96DWP-2/G7;1.5;;;;;;;;;;;
Bioreactor 21;30.41666667;Sample 1.50 mL to AMBR-96DWP-2/G9;1.5;;;;;;;;;;;
Bioreactor 22;30.41666667;Sample 1.50 mL to AMBR-96DWP-2/G10;1.5;;;;;;;;;;;
Bioreactor 23;30.41666667;Sample 1.50 mL to AMBR-96DWP-2/G11;1.5;;;;;;;;;;;
Bioreactor 24;30.41666667;Sample 1.50 mL to AMBR-96DWP-2/G12;1.5;;;;;;;;;;;
Bioreactor 13;32.33333333;Sample 1.50 mL to AMBR-96DWP-2/H1;1.5;2.20E-14;;;9.163914512;0;0.019784302;0;0.050118292;0;0;
Bioreactor 14;32.33333333;Sample 1.50 mL to AMBR-96DWP-2/H2;1.5;1.7;;;0;0;0.061749956;0;0.266574816;0.02949179;0.022969035;
Bioreactor 15;32.33333333;Sample 1.50 mL to AMBR-96DWP-2/H3;1.5;1.9;;;0;0;0.055016106;0;0.211204628;0.02877309;0;
Bioreactor 16;32.33333333;Sample 1.50 mL to AMBR-96DWP-2/H4;1.5;2.1;;;0;0;0.05544084;0;0.186400824;0.031310098;0;
Bioreactor 17;32.33333333;Sample 1.50 mL to AMBR-96DWP-2/H5;1.5;1.9;;;0;0;0.054085132;0;0.180996955;0.03545459;0;
Bioreactor 18;32.33333333;Sample 1.50 mL to AMBR-96DWP-2/H6;1.5;2.1;;;0;0;0.036851941;0;0.101420018;0.036801652;0;
Bioreactor 19;32.33333333;Sample 1.50 mL to AMBR-96DWP-2/H7;1.5;1.5;;;0;0;0.010565344;0;0.066193075;0.004297672;0.066404921;
Bioreactor 21;32.33333333;Sample 1.50 mL to AMBR-96DWP-2/H9;1.5;2;;;0;0;0.056150498;0;0.220689097;0.033864393;0;
Bioreactor 22;32.33333333;Sample 1.50 mL to AMBR-96DWP-2/H10;1.5;1.9;;;0;0;0.05628411;0;0.21937334;0.037317926;0;
Bioreactor 23;32.33333333;Sample 1.50 mL to AMBR-96DWP-2/H11;1.5;1.9;;;0;0;0.050022141;0;0.221235152;0.044507259;0;
Bioreactor 24;32.33333333;Sample 1.50 mL to AMBR-96DWP-2/H12;1.5;2;;;0;0;0.056123578;0;0.246570231;0.049843701;0;
Bioreactor 13;34.33333333;Sample 1.50 mL to AMBR-96DWP-3/A1;1.5;;;;9.429189927;;;;;;;
Bioreactor 14;34.33333333;Sample 1.50 mL to AMBR-96DWP-3/A2;1.5;;;;0;;;;;;;
Bioreactor 15;34.33333333;Sample 1.50 mL to AMBR-96DWP-3/A3;1.5;;;;0;;;;;;;
Bioreactor 16;34.33333333;Sample 1.50 mL to AMBR-96DWP-3/A4;1..5;;;;0;;;;;;;
Bioreactor 17;34.33333333;Sample 1.50 mL to AMBR-96DWP-3/A5;1.5;;;;0;;;;;;;
Bioreactor 18;34.33333333;Sample 1.50 mL to AMBR-96DWP-3/A6;1.5;;;;0;;;;;;;
Bioreactor 19;34.41666667;Sample 1.50 mL to AMBR-96DWP-3/A7;1.5;;;;0;;;;;;;
Bioreactor 21;34.41666667;Sample 1.50 mL to AMBR-96DWP-3/A9;1.5;;;;0;;;;;;;
Bioreactor 22;34.41666667;Sample 1.50 mL to AMBR-96DWP-3/A10;1.5;;;;0;;;;;;;
Bioreactor 23;34.41666667;Sample 1.50 mL to AMBR-96DWP-3/A11;1.5;;;;0;;;;;;;
Bioreactor 24;34.41666667;Sample 1.50 mL to AMBR-96DWP-3/A12;1.5;;;;0;;;;;;;
Bioreactor 13;36.33333333;Sample 1.50 mL to AMBR-96DWP-3/B1;1.5;;;;8.811543661;;;;;;;
Bioreactor 14;36.33333333;Sample 1.50 mL to AMBR-96DWP-3/B2;1.5;;;;0;;;;;;;
Bioreactor 15;36.33333333;Sample 1.50 mL to AMBR-96DWP-3/B3;1.5;;;;0;;;;;;;
Bioreactor 16;36.33333333;Sample 1.50 mL to AMBR-96DWP-3/B4;1.5;;;;0;;;;;;;
Bioreactor 17;36.33333333;Sample 1.50 mL to AMBR-96DWP-3/B5;1.5;;;;0;;;;;;;
Bioreactor 18;36.33333333;Sample 1.50 mL to AMBR-96DWP-3/B6;1.5;;;;0;;;;;;;
Bioreactor 19;36.33333333;Sample 1.50 mL to AMBR-96DWP-3/B7;1.5;;;;0;;;;;;;
Bioreactor 21;36.33333333;Sample 1.50 mL to AMBR-96DWP-3/B9;1.5;;;;0;;;;;;;
Bioreactor 22;36.33333333;Sample 1.50 mL to AMBR-96DWP-3/B10;1.5;;;;0;;;;;;;
Bioreactor 23;36.33333333;Sample 1.50 mL to AMBR-96DWP-3/B11;1.5;;;;0;;;;;;;
Bioreactor 24;36.33333333;Sample 1.50 mL to AMBR-96DWP-3/B12;1.5;;;;0;;;;;;;
Bioreactor 13;38.33333333;Sample 1.50 mL to AMBR-96DWP-3/C1;1.5;;;;7.597995611;;;;;;;
Bioreactor 14;38.33333333;Sample 1.50 mL to AMBR-96DWP-3/C2;1.5;;;;0;;;;;;;
Bioreactor 15;38.33333333;Sample 1.50 mL to AMBR-96DWP-3/C3;1.5;;;;0;;;;;;;
Bioreactor 16;38.33333333;Sample 1.50 mL to AMBR-96DWP-3/C4;1.5;;;;0;;;;;;;
Bioreactor 17;38.33333333;Sample 1.50 mL to AMBR-96DWP-3/C5;1.5;;;;0;;;;;;;
Bioreactor 18;38.33333333;Sample 1.50 mL to AMBR-96DWP-3/C6;1.5;;;;0;;;;;;;
Bioreactor 19;38.33333333;Sample 1.50 mL to AMBR-96DWP-3/C7;1.5;;;;0;;;;;;;
Bioreactor 21;38.33333333;Sample 1.50 mL to AMBR-96DWP-3/C9;1.5;;;;0;;;;;;;
Bioreactor 22;38.33333333;Sample 1.50 mL to AMBR-96DWP-3/C10;1.5;;;;0;;;;;;;
Bioreactor 23;38.33333333;Sample 1.50 mL to AMBR-96DWP-3/C11;1.5;;;;0;;;;;;;
Bioreactor 24;38.33333333;Sample 1.50 mL to AMBR-96DWP-3/C12;1.5;;;;0;;;;;;;
Bioreactor 22;39.25;Sample 7.00 mL to CDW Samples 4/B4;7;;;;0;;0.047971522;;;;;8
Bioreactor 23;39.25;Sample 7.00 mL to CDW Samples 4/B5;7;;;;0;;0.042376035;;;;;8.4
Bioreactor 24;39.25;Sample 7.00 mL to CDW Samples 4/B6;7;;;;0;;0.04017971;;;;;8.4
Bioreactor 13;39.33333333;Sample 7.00 mL to CDW Samples 4/A1;7;;;;7.032844321;;0.011374068;;;;;2.2
Bioreactor 14;39.33333333;Sample 7.00 mL to CDW Samples 4/A2;7;;;;0;;0.034953782;;;;;7.15
Bioreactor 15;39.33333333;Sample 7.00 mL to CDW Samples 4/A3;7;;;;0;;0.033937703;;;;;8.2
Bioreactor 16;39.33333333;Sample 7.00 mL to CDW Samples 4/A4;7;;;;0;;0.046565304;;;;;7.6
Bioreactor 17;39.33333333;Sample 7.00 mL to CDW Samples 4/A5;7;;;;0;;0.045294384;;;;;8.15
Bioreactor 18;39.33333333;Sample 7.00 mL to CDW Samples 4/A6;7;;;;0;;0.032362621;;;;;9.4
Bioreactor 19;39.33333333;Sample 7.00 mL to CDW Samples 4/B1;7;;;;0;;0.007526107;;;;;5.1
Bioreactor 21;39.33333333;Sample 7.00 mL to CDW Samples 4/B3;7;;;;0;;0.047881707;;;;;8
Bioreactor 13;40.33333333;Sample 1.50 mL to AMBR-96DWP-3/D1;1.5;;;;6.355550856;;;;;;;
Bioreactor 14;40.33333333;Sample 1.50 mL to AMBR-96DWP-3/D2;1.5;;;;0;;;;;;;
Bioreactor 15;40.33333333;Sample 1.50 mL to AMBR-96DWP-3/D3;1.5;;;;0;;;;;;;
Bioreactor 16;40.33333333;Sample 1.50 mL to AMBR-96DWP-3/D4;1.5;;;;0;;;;;;;
Bioreactor 17;40.33333333;Sample 1.50 mL to AMBR-96DWP-3/D5;1.5;;;;0;;;;;;;
Bioreactor 18;40.33333333;Sample 1.50 mL to AMBR-96DWP-3/D6;1.5;;;;0;;;;;;;
Bioreactor 19;40.41666667;Sample 1.50 mL to AMBR-96DWP-3/D7;1.5;;;;0;;;;;;;
Bioreactor 21;40.41666667;Sample 1.50 mL to AMBR-96DWP-3/D9;1.5;;;;0;;;;;;;
Bioreactor 22;40.41666667;Sample 1.50 mL to AMBR-96DWP-3/D10;1.5;;;;0;;;;;;;
Bioreactor 23;40.41666667;Sample 1.50 mL to AMBR-96DWP-3/D11;1.5;;;;0;;;;;;;
Bioreactor 24;40.41666667;Sample 1.50 mL to AMBR-96DWP-3/D12;1.5;;;;0;;;;;;;
